starbucks,1,토피 넛 콜드 브루,https://image.istarbucks.co.kr/upload/store/skuimg/2021/10/[9200000003672]_20211027165528004.jpg,drink,0
starbucks,0,나이트로 바닐라 크림,https://image.istarbucks.co.kr/upload/store/skuimg/2021/04/[9200000002487]_20210426091745467.jpg,drink,0
starbucks,0,나이트로 콜드 브루,https://image.istarbucks.co.kr/upload/store/skuimg/2021/04/[9200000000479]_20210426091843897.jpg,drink,0
starbucks,0,돌체 콜드 브루,https://image.istarbucks.co.kr/upload/store/skuimg/2021/04/[9200000002081]_20210415133656839.jpg,drink,0
starbucks,0,바닐라 크림 콜드 브루,https://image.istarbucks.co.kr/upload/store/skuimg/2021/04/[9200000000487]_20210430112319040.jpg,drink,0
starbucks,0,벨벳 다크 모카 나이트로,https://image.istarbucks.co.kr/upload/store/skuimg/2021/03/[9200000003509]_20210322093452399.jpg,drink,0
starbucks,0,시그니처 더 블랙 콜드 브루,https://image.istarbucks.co.kr/upload/store/skuimg/2021/08/[9200000003661]_20210819094346176.jpg,drink,0
starbucks,0,제주 비자림 콜드 브루,https://image.istarbucks.co.kr/upload/store/skuimg/2020/09/[9200000002672]_20200921171223898.jpg,drink,0
starbucks,0,콜드 브루,https://image.istarbucks.co.kr/upload/store/skuimg/2021/04/[9200000000038]_20210430113202458.jpg,drink,0
starbucks,0,콜드 브루 몰트,https://image.istarbucks.co.kr/upload/store/skuimg/2021/02/[9200000001636]_20210225093600536.jpg,drink,0
starbucks,0,콜드 브루 오트 라떼,https://image.istarbucks.co.kr/upload/store/skuimg/2021/04/[9200000003285]_20210416154437069.jpg,drink,0
starbucks,0,콜드 브루 플로트,https://image.istarbucks.co.kr/upload/store/skuimg/2021/02/[9200000001635]_20210225092236748.jpg,drink,0
starbucks,0,프렌치 애플 타르트 나이트로,https://image.istarbucks.co.kr/upload/store/skuimg/2021/03/[9200000003507]_20210322093414289.jpg,drink,0
starbucks,0,아이스 커피,https://image.istarbucks.co.kr/upload/store/skuimg/2021/04/[106509]_20210430111852870.jpg,drink,0
starbucks,0,오늘의 커피,https://image.istarbucks.co.kr/upload/store/skuimg/2021/04/[2]_20210430111934117.jpg,drink,0
starbucks,1,아이스 토피 넛 라떼,https://image.istarbucks.co.kr/upload/store/skuimg/2021/10/[128401]_20211021085629123.jpg,drink,0
starbucks,1,토피 넛 라떼,https://image.istarbucks.co.kr/upload/store/skuimg/2021/10/[128198]_20211021085530730.jpg,drink,0
starbucks,0,에스프레소 콘 파나,https://image.istarbucks.co.kr/upload/store/skuimg/2021/04/[30]_20210415144252244.jpg,drink,0
starbucks,0,에스프레소 마키아또,https://image.istarbucks.co.kr/upload/store/skuimg/2021/04/[25]_20210415144211211.jpg,drink,0
starbucks,0,아이스 카페 아메리카노,https://image.istarbucks.co.kr/upload/store/skuimg/2021/04/[110563]_20210426095937808.jpg,drink,0
starbucks,0,카페 아메리카노,https://image.istarbucks.co.kr/upload/store/skuimg/2021/04/[94]_20210430103337006.jpg,drink,0
starbucks,0,아이스 카라멜 마키아또,https://image.istarbucks.co.kr/upload/store/skuimg/2021/04/[110582]_20210415142706078.jpg,drink,0
starbucks,0,카라멜 마키아또,https://image.istarbucks.co.kr/upload/store/skuimg/2021/04/[126197]_20210415154609863.jpg,drink,0
starbucks,0,아이스 카푸치노,https://image.istarbucks.co.kr/upload/store/skuimg/2021/04/[110601]_20210415143400773.jpg,drink,0
starbucks,0,카푸치노,https://image.istarbucks.co.kr/upload/store/skuimg/2021/04/[38]_20210415154821846.jpg,drink,0
starbucks,0,라벤더 카페 브레베,https://image.istarbucks.co.kr/upload/store/skuimg/2021/02/[9200000000432]_20210225090321791.jpg,drink,0
starbucks,0,럼 샷 코르타도,https://image.istarbucks.co.kr/upload/store/skuimg/2021/02/[9200000001086]_20210225090838931.jpg,drink,0
starbucks,0,바닐라 빈 라떼,https://image.istarbucks.co.kr/upload/store/skuimg/2021/02/[9200000001939]_20210225094313315.jpg,drink,0
starbucks,0,블론드 에스프레소 라떼,https://image.istarbucks.co.kr/upload/store/skuimg/2021/04/[9200000003481]_20210429173035585.jpg,drink,0
starbucks,0,사케라또 비안코 오버 아이스,https://image.istarbucks.co.kr/upload/store/skuimg/2021/02/[9200000002095]_20210225095033382.jpg,drink,0
starbucks,0,스타벅스 돌체 라떼,https://image.istarbucks.co.kr/upload/store/skuimg/2021/04/[128692]_20210426091933665.jpg,drink,0
starbucks,0,아이스 라벤더 카페 브레베,https://image.istarbucks.co.kr/upload/store/skuimg/2021/02/[9200000000433]_20210225090722569.jpg,drink,0
starbucks,0,아이스 바닐라 빈 라떼,https://image.istarbucks.co.kr/upload/store/skuimg/2021/02/[9200000001941]_20210225094346653.jpg,drink,0
starbucks,0,아이스 블론드 에스프레소 라떼,https://image.istarbucks.co.kr/upload/store/skuimg/2021/04/[9200000003484]_20210429173125069.jpg,drink,0
starbucks,0,아이스 스타벅스 돌체 라떼,https://image.istarbucks.co.kr/upload/store/skuimg/2021/04/[128695]_20210426092031969.jpg,drink,0
starbucks,0,아이스 카페 라떼,https://image.istarbucks.co.kr/upload/store/skuimg/2021/04/[110569]_20210415143035989.jpg,drink,0
starbucks,0,카페 라떼,https://image.istarbucks.co.kr/upload/store/skuimg/2021/04/[41]_20210415133833725.jpg,drink,0
starbucks,0,아이스 카페 모카,https://image.istarbucks.co.kr/upload/store/skuimg/2021/04/[110566]_20210415134334280.jpg,drink,0
starbucks,0,아이스 화이트 초콜릿 모카,https://image.istarbucks.co.kr/upload/store/skuimg/2021/04/[110572]_20210415155545375.jpg,drink,0
starbucks,0,카페 모카,https://image.istarbucks.co.kr/upload/store/skuimg/2021/04/[46]_20210415134438165.jpg,drink,0
starbucks,0,화이트 초콜릿 모카,https://image.istarbucks.co.kr/upload/store/skuimg/2021/04/[128192]_20210415155639126.jpg,drink,0
starbucks,0,바닐라 플랫 화이트,https://image.istarbucks.co.kr/upload/store/skuimg/2021/04/[9200000002406]_20210415135507733.jpg,drink,0
starbucks,0,바닐라 스타벅스 더블 샷,https://image.istarbucks.co.kr/upload/store/skuimg/2021/04/[110612]_20210415133425373.jpg,drink,0
starbucks,0,블론드 바닐라 더블 샷 마키아또,https://image.istarbucks.co.kr/upload/store/skuimg/2021/04/[9200000002950]_20210426150654756.jpg,drink,0
starbucks,0,사케라또 아포가토,https://image.istarbucks.co.kr/upload/store/skuimg/2021/03/[9200000003505]_20210322093241535.jpg,drink,0
starbucks,0,스파클링 시트러스 에스프레소,https://image.istarbucks.co.kr/upload/store/skuimg/2021/03/[9200000003506]_20210322093317854.jpg,drink,0
starbucks,0,아이스 블론드 바닐라 더블 샷 마키아또,https://image.istarbucks.co.kr/upload/store/skuimg/2021/04/[9200000002953]_20210427132718157.jpg,drink,0
starbucks,0,에스프레소,https://image.istarbucks.co.kr/upload/store/skuimg/2021/04/[20]_20210415144112678.jpg,drink,0
starbucks,0,커피 스타벅스 더블 샷,https://image.istarbucks.co.kr/upload/store/skuimg/2021/04/[110611]_20210415132507539.jpg,drink,0
starbucks,0,클래식 아포가토,https://image.istarbucks.co.kr/upload/store/skuimg/2021/02/[9200000001631]_20210225090916684.jpg,drink,0
starbucks,0,헤이즐넛 스타벅스 더블 샷,https://image.istarbucks.co.kr/upload/store/skuimg/2021/04/[110614]_20210415132333109.jpg,drink,0
starbucks,1,토피 넛 프라푸치노,https://image.istarbucks.co.kr/upload/store/skuimg/2021/10/[168031]_20211021085736580.jpg,drink,0
starbucks,0,더블 에스프레소 칩 프라푸치노,https://image.istarbucks.co.kr/upload/store/skuimg/2021/04/[9200000002760]_20210415133558068.jpg,drink,0
starbucks,0,모카 프라푸치노,https://image.istarbucks.co.kr/upload/store/skuimg/2021/04/[168004]_20210415134634723.jpg,drink,0
starbucks,0,에스프레소 프라푸치노,https://image.istarbucks.co.kr/upload/store/skuimg/2021/04/[168007]_20210415144337428.jpg,drink,0
starbucks,0,자바 칩 프라푸치노,https://image.istarbucks.co.kr/upload/store/skuimg/2021/04/[168016]_20210415154152122.jpg,drink,0
starbucks,0,카라멜 프라푸치노,https://image.istarbucks.co.kr/upload/store/skuimg/2021/04/[168010]_20210415154711116.jpg,drink,0
starbucks,0,화이트 초콜릿 모카 프라푸치노,https://image.istarbucks.co.kr/upload/store/skuimg/2021/04/[168013]_20210415155746379.jpg,drink,0
starbucks,0,바닐라 크림 프라푸치노,https://image.istarbucks.co.kr/upload/store/skuimg/2021/04/[168054]_20210415135751840.jpg,drink,0
starbucks,0,제주 까망 크림 프라푸치노,https://image.istarbucks.co.kr/upload/store/skuimg/2020/09/[9200000002088]_20200921171733532.jpg,drink,0
starbucks,0,제주 쑥떡 크림 프라푸치노,https://image.istarbucks.co.kr/upload/store/skuimg/2020/09/[9200000002090]_20200921171357273.jpg,drink,0
starbucks,0,제주 유기농 말차로 만든 크림 프라푸치노,https://image.istarbucks.co.kr/upload/store/skuimg/2021/04/[9200000002502]_20210426100408048.jpg,drink,0
starbucks,0,초콜릿 크림 칩 프라푸치노,https://image.istarbucks.co.kr/upload/store/skuimg/2021/04/[168066]_20210415154429750.jpg,drink,0
starbucks,0,화이트 타이거 프라푸치노,https://image.istarbucks.co.kr/upload/store/skuimg/2021/04/[9200000002403]_20210419131548656.jpg,drink,0
starbucks,0,딸기 딜라이트 요거트 블렌디드,https://image.istarbucks.co.kr/upload/store/skuimg/2021/04/[9200000003276]_20210416154001403.jpg,drink,0
starbucks,0,민트 초콜릿 칩 블렌디드,https://image.istarbucks.co.kr/upload/store/skuimg/2021/04/[9200000003443]_20210416154107695.jpg,drink,0
starbucks,0,피치 & 레몬 블렌디드,https://image.istarbucks.co.kr/upload/store/skuimg/2021/04/[9200000002766]_20210419125528821.jpg,drink,0
starbucks,0,블랙 티 레모네이드 피지오,https://image.istarbucks.co.kr/upload/store/skuimg/2021/04/[107025]_20210419104756955.jpg,drink,0
starbucks,0,쿨 라임 피지오,https://image.istarbucks.co.kr/upload/store/skuimg/2021/04/[107051]_20210419112151972.jpg,drink,0
starbucks,0,패션 탱고 티 레모네이드 피지오,https://image.istarbucks.co.kr/upload/store/skuimg/2021/04/[107031]_20210419125349904.jpg,drink,0
starbucks,1,골든 위시 라떼,https://image.istarbucks.co.kr/upload/store/skuimg/2021/10/[9200000003675]_20211021085140395.jpg,drink,0
starbucks,1,아이스 골든 위시 라떼,https://image.istarbucks.co.kr/upload/store/skuimg/2021/10/[9200000003678]_20211021085409653.jpg,drink,0
starbucks,0,라임 패션 티,https://image.istarbucks.co.kr/upload/store/skuimg/2021/04/[9200000001931]_20210419130043730.jpg,drink,0
starbucks,0,민트 블렌드 티,https://image.istarbucks.co.kr/upload/store/skuimg/2021/04/[4004000000056]_20210415135215632.jpg,drink,0
starbucks,0,별궁 오미자 유스베리 티,https://image.istarbucks.co.kr/upload/store/skuimg/2021/03/[9200000003511]_20210322093158370.jpg,drink,0
starbucks,0,아이스 라임 패션 티,https://image.istarbucks.co.kr/upload/store/skuimg/2021/05/[9200000001933]_20210512095247583.jpg,drink,0
starbucks,0,아이스 민트 블렌드 티,https://image.istarbucks.co.kr/upload/store/skuimg/2021/04/[4004000000059]_20210415141656038.jpg,drink,0
starbucks,0,아이스 얼 그레이 티,https://image.istarbucks.co.kr/upload/store/skuimg/2021/04/[4004000000039]_20210415142055860.jpg,drink,0
starbucks,0,아이스 유스베리 티,https://image.istarbucks.co.kr/upload/store/skuimg/2021/04/[9200000000229]_20210415142219481.jpg,drink,0
starbucks,0,아이스 유자 민트 티,https://image.istarbucks.co.kr/upload/store/skuimg/2020/06/[9200000002959]_20200616103540666.jpg,drink,0
starbucks,0,아이스 잉글리쉬 브렉퍼스트 티,https://image.istarbucks.co.kr/upload/store/skuimg/2021/04/[4004000000019]_20210415142323353.jpg,drink,0
starbucks,0,아이스 제주 유기 녹차,https://image.istarbucks.co.kr/upload/store/skuimg/2021/04/[400400000094]_20210415230316469.jpg,drink,0
starbucks,0,아이스 캐모마일 블렌드 티,https://image.istarbucks.co.kr/upload/store/skuimg/2021/04/[4004000000079]_20210415143641139.jpg,drink,0
starbucks,0,아이스 히비스커스 블렌드 티,https://image.istarbucks.co.kr/upload/store/skuimg/2021/04/[4004000000069]_20210415143811231.jpg,drink,0
starbucks,0,얼 그레이 티,https://image.istarbucks.co.kr/upload/store/skuimg/2021/04/[4004000000036]_20210415143933425.jpg,drink,0
starbucks,0,유스베리 티,https://image.istarbucks.co.kr/upload/store/skuimg/2021/04/[9200000000226]_20210415144434521.jpg,drink,0
starbucks,0,유자 민트 티,https://image.istarbucks.co.kr/upload/store/skuimg/2021/04/[9200000002956]_20210427133741407.jpg,drink,0
starbucks,0,잉글리쉬 브렉퍼스트 티,https://image.istarbucks.co.kr/upload/store/skuimg/2021/04/[4004000000016]_20210415153648533.jpg,drink,0
starbucks,0,자몽 허니 블랙 티,https://image.istarbucks.co.kr/upload/store/skuimg/2021/04/[9200000000187]_20210419131229539.jpg,drink,0
starbucks,0,제주 유기 녹차,https://image.istarbucks.co.kr/upload/store/skuimg/2021/04/[400400000091]_20210415132229904.jpg,drink,0
starbucks,0,캐모마일 블렌드 티,https://image.istarbucks.co.kr/upload/store/skuimg/2021/04/[4004000000076]_20210415154920731.jpg,drink,0
starbucks,0,패션 프루트 티,https://image.istarbucks.co.kr/upload/store/skuimg/2021/04/[9200000003499]_20210416154511975.jpg,drink,0
starbucks,0,히비스커스 블렌드 티,https://image.istarbucks.co.kr/upload/store/skuimg/2021/04/[4004000000066]_20210415155836395.jpg,drink,0
starbucks,0,아이스 별궁 오미자 유스베리 티,https://image.istarbucks.co.kr/upload/store/skuimg/2021/03/[9200000003512]_20210322093119881.jpg,drink,0
starbucks,0,아이스 자몽 허니 블랙 티,https://image.istarbucks.co.kr/upload/store/skuimg/2021/04/[9200000000190]_20210419131723532.jpg,drink,0
starbucks,0,아이스 제주 카멜리아 티 ,https://image.istarbucks.co.kr/upload/store/skuimg/2021/09/[9200000003709]_20210903164023397.jpg,drink,0
starbucks,0,아이스 패션 프루트 티,https://image.istarbucks.co.kr/upload/store/skuimg/2021/04/[9200000003502]_20210416154536794.jpg,drink,0
starbucks,0,아이스 푸를 청귤 민트 티,https://image.istarbucks.co.kr/upload/store/skuimg/2021/03/[9200000003516]_20210322093050113.jpg,drink,0
starbucks,0,제주 카멜리아 티 ,https://image.istarbucks.co.kr/upload/store/skuimg/2021/09/[9200000003708]_20210903163943547.jpg,drink,0
starbucks,0,돌체 블랙 밀크 티,https://image.istarbucks.co.kr/upload/store/skuimg/2020/06/[9200000002963]_20200616103700894.jpg,drink,0
starbucks,0,아이스 돌체 블랙 밀크 티,https://image.istarbucks.co.kr/upload/store/skuimg/2021/04/[9200000002966]_20210415125358643.jpg,drink,0
starbucks,0,아이스 제주 유기농 말차로 만든 라떼,https://image.istarbucks.co.kr/upload/store/skuimg/2021/04/[9200000002499]_20210419130902541.jpg,drink,0
starbucks,0,아이스 차이 티 라떼,https://image.istarbucks.co.kr/upload/store/skuimg/2021/04/[135612]_20210415142512793.jpg,drink,0
starbucks,0,아이스 콩고물 블랙 밀크 티,https://image.istarbucks.co.kr/upload/store/skuimg/2021/03/[9200000003514]_20210322092951530.jpg,drink,0
starbucks,0,제주 유기농 말차로 만든 라떼,https://image.istarbucks.co.kr/upload/store/skuimg/2021/04/[9200000002496]_20210419131039350.jpg,drink,0
starbucks,0,차이 티 라떼,https://image.istarbucks.co.kr/upload/store/skuimg/2021/04/[135608]_20210415154244810.jpg,drink,0
starbucks,0,콩고물 블랙 밀크 티,https://image.istarbucks.co.kr/upload/store/skuimg/2021/03/[9200000003513]_20210322092740277.jpg,drink,0
starbucks,1,아이스 핑크 캐모마일 릴렉서,https://image.istarbucks.co.kr/upload/store/skuimg/2021/10/[9200000003684]_20211021084912490.jpg,drink,0
starbucks,1,핑크 캐모마일 릴렉서,https://image.istarbucks.co.kr/upload/store/skuimg/2021/10/[9200000003681]_20211021084838806.jpg,drink,0
starbucks,0,시그니처 핫 초콜릿,https://image.istarbucks.co.kr/upload/store/skuimg/2021/04/[72]_20210415140949967.jpg,drink,0
starbucks,0,아이스 시그니처 초콜릿,https://image.istarbucks.co.kr/upload/store/skuimg/2021/04/[110621]_20210415140901611.jpg,drink,0
starbucks,0,플러피 판다 아이스 초콜릿,https://image.istarbucks.co.kr/upload/store/skuimg/2021/04/[9200000003658]_20210422080248176.jpg,drink,0
starbucks,0,플러피 판다 핫 초콜릿,https://image.istarbucks.co.kr/upload/store/skuimg/2021/04/[9200000002594]_20210422080327783.jpg,drink,0
starbucks,0,라임 플로터 위드 리저브 CB 샷,https://image.istarbucks.co.kr/upload/store/skuimg/2021/02/[9200000000428]_20210225090055908.jpg,drink,0
starbucks,0,스타벅스 슬래머,https://image.istarbucks.co.kr/upload/store/skuimg/2021/04/[9200000003659]_20210428134252131.jpg,drink,0
starbucks,0,스팀 우유,https://image.istarbucks.co.kr/upload/store/skuimg/2021/04/[17]_20210426095334934.jpg,drink,0
starbucks,0,아이스 제주 까망 라떼,https://image.istarbucks.co.kr/upload/store/skuimg/2020/09/[9200000001302]_20200921171804529.jpg,drink,0
starbucks,0,오렌지 플로터 위드 리저브 CB 샷,https://image.istarbucks.co.kr/upload/store/skuimg/2021/02/[9200000000429]_20210225090138400.jpg,drink,0
starbucks,0,우유,https://image.istarbucks.co.kr/upload/store/skuimg/2021/04/[18]_20210426095514018.jpg,drink,0
starbucks,0,제주 까망 라떼,https://image.istarbucks.co.kr/upload/store/skuimg/2020/09/[9200000001301]_20200921171639781.jpg,drink,0
starbucks,0,제주 스노잉 백록담,https://image.istarbucks.co.kr/upload/store/skuimg/2021/09/[9200000003707]_20210903163831176.jpg,drink,0
starbucks,0,제주 쑥쑥 라떼,https://image.istarbucks.co.kr/upload/store/skuimg/2020/09/[9200000002089]_20200921171510982.jpg,drink,0
starbucks,1,스타 루비 자몽 스위트 190ML,https://image.istarbucks.co.kr/upload/store/skuimg/2021/10/[9300000003773]_20211020094026246.jpg,drink,0
starbucks,1,유기농 오렌지 100% 주스 190ML,https://image.istarbucks.co.kr/upload/store/skuimg/2021/10/[9300000003771]_20211020093812909.jpg,drink,0
starbucks,1,핑크 용과 레모네이드 190ML,https://image.istarbucks.co.kr/upload/store/skuimg/2021/10/[9300000003776]_20211020094321785.jpg,drink,0
starbucks,1,딸기 가득 요거트 190ML,https://image.istarbucks.co.kr/upload/store/skuimg/2021/10/[9300000003775]_20211020094208342.jpg,drink,0
starbucks,0,기운내라임 190ML,https://image.istarbucks.co.kr/upload/store/skuimg/2021/04/[9300000002853]_20210419104333070.jpg,drink,0
starbucks,0,파이팅 청귤 190ML,https://image.istarbucks.co.kr/upload/store/skuimg/2021/04/[9300000002850]_20210419125156886.jpg,drink,0
starbucks,0,한방에 쭉 감당 190ML,https://image.istarbucks.co.kr/upload/store/skuimg/2021/04/[9300000002854]_20210419125705500.jpg,drink,0
starbucks,0,딸기주스 190ML,https://image.istarbucks.co.kr/upload/store/skuimg/2021/04/[5210008070]_20210426095034991.jpg,drink,0
starbucks,0,망고주스 190ML,https://image.istarbucks.co.kr/upload/store/skuimg/2021/04/[5210008061]_20210426095229362.jpg,drink,0
starbucks,0,케일&사과주스 190ML,https://image.istarbucks.co.kr/upload/store/skuimg/2021/04/[5210008072]_20210426100712780.jpg,drink,0
starbucks,0,토마토주스 190ML,https://image.istarbucks.co.kr/upload/store/skuimg/2021/04/[5210008074]_20210419112239085.jpg,drink,0
starbucks,0,한라봉주스 190ML,https://image.istarbucks.co.kr/upload/store/skuimg/2021/04/[5210008055]_20210426102703624.jpg,drink,0
starbucks,0,햇사과 주스 190ML,https://image.istarbucks.co.kr/upload/store/skuimg/2021/04/[9300000002565]_20210426102753285.jpg,drink,0
starbucks,0,블루베리 요거트 190ML,https://image.istarbucks.co.kr/upload/store/skuimg/2021/04/[5210008063]_20210419104847612.jpg,drink,0
starbucks,0,치아씨드 요거트 190ML,https://image.istarbucks.co.kr/upload/store/skuimg/2021/04/[5210008064]_20210419112040842.jpg,drink,0
starbucks,1,치즈 그린 어니언 브레드,https://image.istarbucks.co.kr/upload/store/skuimg/2021/10/[9300000003780]_20211025175749987.jpg,food,0
starbucks,0,쿠키 블루베리 잼 머핀,https://image.istarbucks.co.kr/upload/store/skuimg/2020/07/[9300000002784]_20200715165105671.jpg,food,0
starbucks,0,담백한 플레인 베이글,https://image.istarbucks.co.kr/upload/store/skuimg/2021/02/[9300000003067]_20210222143957461.jpg,food,0
starbucks,0,리얼 블루베리 베이글,https://image.istarbucks.co.kr/upload/store/skuimg/2021/03/[9300000003334]_20210310092057351.jpg,food,0
starbucks,0,리얼 치즈 베이글,https://image.istarbucks.co.kr/upload/store/skuimg/2021/03/[9300000003335]_20210310092146175.jpg,food,0
starbucks,0,바질 토마토 크림치즈 베이글,https://image.istarbucks.co.kr/upload/store/skuimg/2021/03/[9300000003223]_20210315170846073.jpg,food,0
starbucks,0,앙녹차 베이글,https://image.istarbucks.co.kr/upload/store/skuimg/2021/07/[9300000003471]_20210727090620393.jpg,food,0
starbucks,0,가나슈 품은 초콜릿 스콘,https://image.istarbucks.co.kr/upload/store/skuimg/2021/08/[9300000003612]_20210827092202241.jpg,food,0
starbucks,0,미니 클래식 스콘,https://image.istarbucks.co.kr/upload/store/skuimg/2021/04/[5110001099]_20210421161145644.jpg,food,0
starbucks,0,클래식 스콘,https://image.istarbucks.co.kr/upload/store/skuimg/2021/04/[9300000001557]_20210422112532808.jpg,food,0
starbucks,0,트리플 미니 스콘,https://image.istarbucks.co.kr/upload/store/skuimg/2021/04/[9300000003041]_20210427162406675.jpg,food,0
starbucks,0,거문 오름 크루아상,https://image.istarbucks.co.kr/upload/store/skuimg/2021/04/[9300000001361]_20210421133918737.jpg,food,0
starbucks,0,리프 파이,https://image.istarbucks.co.kr/upload/store/skuimg/2021/04/[9300000000887]_20210421160411057.jpg,food,0
starbucks,0,매콤 소시지 불고기 베이크,https://image.istarbucks.co.kr/upload/store/skuimg/2021/04/[9300000002227]_20210421160744685.jpg,food,0
starbucks,0,밤콩달콩 두유 브레드,https://image.istarbucks.co.kr/upload/store/skuimg/2021/07/[9300000003522]_20210723095824217.jpg,food,0
starbucks,0,뺑 오 쇼콜라,https://image.istarbucks.co.kr/upload/store/skuimg/2021/04/[9300000002431]_20210421164613125.jpg,food,0
starbucks,0,스모크드 소시지 브레드,https://image.istarbucks.co.kr/upload/store/skuimg/2021/04/[9300000002445]_20210421172107585.jpg,food,0
starbucks,0,연유 밀크모닝,https://image.istarbucks.co.kr/upload/store/skuimg/2021/02/[9300000003175]_20210210174347318.jpg,food,0
starbucks,0,오렌지 카라멜 데니핀,https://image.istarbucks.co.kr/upload/store/skuimg/2021/03/[9300000002930]_20210325161840811.jpg,food,0
starbucks,0,오름 치즈 케이츄리,https://image.istarbucks.co.kr/upload/store/skuimg/2021/07/[9300000003520]_20210727081330163.jpg,food,0
starbucks,0,올래 미니 크루아상,https://image.istarbucks.co.kr/upload/store/skuimg/2020/06/[9300000002848]_20200626143224628.jpg,food,0
starbucks,0,우유 품은 초콜릿 크루아상,https://image.istarbucks.co.kr/upload/store/skuimg/2021/02/[9300000003222]_20210216075337279.jpg,food,0
starbucks,0,주상절리 파이,https://image.istarbucks.co.kr/upload/store/skuimg/2021/04/[9300000002489]_20210421134243043.jpg,food,0
starbucks,0,초콜릿 롤링 크루아상,https://image.istarbucks.co.kr/upload/store/skuimg/2021/04/[9300000001774]_20210422112851678.jpg,food,0
starbucks,0,크림치즈 브리오슈 보스톡,https://image.istarbucks.co.kr/upload/store/skuimg/2021/03/[9300000002931]_20210325161934333.jpg,food,0
starbucks,0,하트 파이,https://image.istarbucks.co.kr/upload/store/skuimg/2021/04/[5110006070]_20210422111451589.jpg,food,0
starbucks,0,한 입에 쏙 치즈 꿀 볼,https://image.istarbucks.co.kr/upload/store/skuimg/2020/09/[9300000003042]_20200924141423384.jpg,food,0
starbucks,1,딸기 크림 초콜릿 카스텔라,https://image.istarbucks.co.kr/upload/store/skuimg/2021/10/[9300000003785]_20211025180007603.jpg,food,0
starbucks,1,부드러운 고구마 생크림 케이크,https://image.istarbucks.co.kr/upload/store/skuimg/2021/10/[9300000003782]_20211025175838207.jpg,food,0
starbucks,1,산타 벨벳 체커스 케이크,https://image.istarbucks.co.kr/upload/store/skuimg/2021/10/[9300000003783]_20211025175921975.jpg,food,0
starbucks,1,크런치 가나슈 레이어 케이크,https://image.istarbucks.co.kr/upload/store/skuimg/2021/10/[9300000003784]_20211025175610209.jpg,food,0
starbucks,0,7 레이어 가나슈 케이크,https://image.istarbucks.co.kr/upload/store/skuimg/2021/04/[9300000001179]_20210421164934656.jpg,food,0
starbucks,0,The 촉촉 초콜릿 생크림 케이크,https://image.istarbucks.co.kr/upload/store/skuimg/2021/05/[9300000003393]_20210520100142603.jpg,food,0
starbucks,0,라즈베리 쇼콜라,https://image.istarbucks.co.kr/upload/store/skuimg/2021/03/[9300000002929]_20210325161742539.jpg,food,0
starbucks,0,마스카포네 티라미수 케이크,https://image.istarbucks.co.kr/upload/store/skuimg/2021/04/[9300000001907]_20210421160603501.jpg,food,0
starbucks,0,밀당 에그 타르트,https://image.istarbucks.co.kr/upload/store/skuimg/2020/09/[9300000003038]_20200924082251581.jpg,food,0
starbucks,0,밀당 초코 타르트,https://image.istarbucks.co.kr/upload/store/skuimg/2020/09/[9300000003040]_20200924082416929.jpg,food,0
starbucks,0,번트 치즈 케이크,https://image.istarbucks.co.kr/upload/store/skuimg/2021/04/[9300000002534]_20210421163247707.jpg,food,0
starbucks,0,부드러운 생크림 카스텔라,https://image.istarbucks.co.kr/upload/store/skuimg/2021/04/[5110007181]_20210421164728509.jpg,food,0
starbucks,0,부드러운 티라미수 롤,https://image.istarbucks.co.kr/upload/store/skuimg/2021/02/[9300000002926]_20210210172612809.jpg,food,0
starbucks,0,블루베리 쿠키 치즈 케이크,https://image.istarbucks.co.kr/upload/store/skuimg/2021/09/[9300000001376]_20210906163620582.jpg,food,0
starbucks,0,슈크림 가득 바움쿠헨,https://image.istarbucks.co.kr/upload/store/skuimg/2021/04/[9300000002448]_20210421172013669.jpg,food,0
starbucks,0,진한 초콜릿 크레이프 케이크,https://image.istarbucks.co.kr/upload/store/skuimg/2021/04/[9300000002293]_20210430113035135.jpg,food,0
starbucks,0,클라우드 치즈 케이크,https://image.istarbucks.co.kr/upload/store/skuimg/2021/04/[9300000000132]_20210422112714121.jpg,food,0
starbucks,0,헤이즐넛 브라우니,https://image.istarbucks.co.kr/upload/store/skuimg/2021/07/[9300000003470]_20210723101212888.jpg,food,0
starbucks,0,호두 당근 케이크,https://image.istarbucks.co.kr/upload/store/skuimg/2021/04/[5110007147]_20210422105307043.jpg,food,0
starbucks,0,당근 현무암 케이크,https://image.istarbucks.co.kr/upload/store/skuimg/2021/04/[9300000001055]_20210421133631796.jpg,food,0
starbucks,0,백년초콜릿 크런치 케이크,https://image.istarbucks.co.kr/upload/store/skuimg/2020/06/[9300000002856]_20200626140039590.jpg,food,0
starbucks,0,새코롬 돌코롬 한라봉 케이크,https://image.istarbucks.co.kr/upload/store/skuimg/2020/06/[9300000002857]_20200626140242045.jpg,food,0
starbucks,0,(제주)제주 녹차 생크림 롤,https://image.istarbucks.co.kr/upload/store/skuimg/2021/07/[9300000003468]_20210727081659217.jpg,food,0
starbucks,0,(제주)제주 땅콩 생크림 롤,https://image.istarbucks.co.kr/upload/store/skuimg/2021/07/[9300000003469]_20210727081817626.jpg,food,0
starbucks,0,세븐 레이어 가나슈 케이크,https://image.istarbucks.co.kr/upload/store/skuimg/2019/04/[9300000002065]_20190412135121406.jpg,food,0
starbucks,0,청담스타 얼 그레이 밀크 케이크,https://image.istarbucks.co.kr/upload/store/skuimg/2018/04/[9300000001521]_20180419160443788.jpg,food,0
starbucks,0,청담스타 오 허니 케이크,https://image.istarbucks.co.kr/upload/store/skuimg/2017/04/[9300000000882]_20170425213905124.jpg,food,0
starbucks,0,크레이프 에멘탈 치즈 케이크,https://image.istarbucks.co.kr/upload/store/skuimg/2019/04/[9300000002064]_20190412135005999.jpg,food,0
starbucks,0,피칸 브라우니,https://image.istarbucks.co.kr/upload/store/skuimg/2019/06/[9300000002173]_20190612150600937.jpg,food,0
starbucks,0,헤븐리 티라미수,https://image.istarbucks.co.kr/upload/store/skuimg/2017/04/[9300000000878]_20170425213107826.jpg,food,0
starbucks,0,쉬림프 코코넛 샐러드 밀 박스,https://image.istarbucks.co.kr/upload/store/skuimg/2021/04/[9300000002304]_20210421171643703.jpg,food,0
starbucks,0,커리 치킨 샐러드 밀 박스,https://image.istarbucks.co.kr/upload/store/skuimg/2021/05/[9300000003261]_20210521111014026.jpg,food,0
starbucks,0,B.C.L.T. 샌드위치 밀 박스,https://image.istarbucks.co.kr/upload/store/skuimg/2021/11/[9300000003397]_20211104081256808.jpg,food,0
starbucks,0,B.E.L.T. 샌드위치,https://image.istarbucks.co.kr/upload/store/skuimg/2021/04/[9300000000689]_20210421132252087.jpg,food,0
starbucks,0,감바스 파스타 밀 박스,https://image.istarbucks.co.kr/upload/store/skuimg/2021/04/[9300000003227]_20210421132354777.jpg,food,0
starbucks,0,단호박 에그 샌드위치,https://image.istarbucks.co.kr/upload/store/skuimg/2021/04/[9300000000036]_20210421133443711.jpg,food,0
starbucks,0,돌코롬 쫍지롱 와플 샌드,https://image.istarbucks.co.kr/upload/store/skuimg/2021/07/[9300000003525]_20210727092021135.jpg,food,0
starbucks,0,리코타 치즈 바게트 샌드위치,https://image.istarbucks.co.kr/upload/store/skuimg/2021/05/[9300000003407]_20210527133925884.jpg,food,0
starbucks,0,바비큐 치킨 치즈 치아바타,https://image.istarbucks.co.kr/upload/store/skuimg/2021/04/[5110003062]_20210421162339549.jpg,food,0
starbucks,0,베이컨 치즈 토스트,https://image.istarbucks.co.kr/upload/store/skuimg/2021/06/[9300000002178]_20210602104935718.jpg,food,0
starbucks,0,브렉퍼스트 잉글리쉬 머핀,https://image.istarbucks.co.kr/upload/store/skuimg/2021/04/[9300000002435]_20210421164422886.jpg,food,0
starbucks,0,에그 베이컨 브리오슈 밀 박스,https://image.istarbucks.co.kr/upload/store/skuimg/2021/04/[9300000003229]_20210422101008725.jpg,food,0
starbucks,0,에그에그 샌드위치,https://image.istarbucks.co.kr/upload/store/skuimg/2021/04/[9300000001927]_20210422101307127.jpg,food,0
starbucks,0,올라 쿠바노 샌드위치,https://image.istarbucks.co.kr/upload/store/skuimg/2021/08/[9300000003680]_20210827092338366.jpg,food,0
starbucks,0,제주 녹차 베이컨 치즈 베이글,https://image.istarbucks.co.kr/upload/store/skuimg/2021/04/[9300000001387]_20210421134542210.jpg,food,0
starbucks,0,제주 흑돼지 아보카도 샌드위치,https://image.istarbucks.co.kr/upload/store/skuimg/2021/04/[9300000002490]_20210421142605801.jpg,food,0
starbucks,0,크랜베리 치킨 치즈 샌드위치,https://image.istarbucks.co.kr/upload/store/skuimg/2021/04/[9300000001117]_20210422123208304.jpg,food,0
starbucks,0,트리플 치즈 크로크무슈,https://image.istarbucks.co.kr/upload/store/skuimg/2021/06/[9300000003524]_20210617133702823.jpg,food,0
starbucks,0,포테이통통 샌드위치,https://image.istarbucks.co.kr/upload/store/skuimg/2021/05/[9300000003406]_20210527134345305.jpg,food,0
starbucks,0,플랜트 함박&파스타 밀 박스,https://image.istarbucks.co.kr/upload/store/skuimg/2021/07/[9300000003528]_20210723100958374.jpg,food,0
starbucks,0,플랜트 햄&루꼴라 샌드위치,https://image.istarbucks.co.kr/upload/store/skuimg/2021/07/[9300000003526]_20210723101301790.jpg,food,0
starbucks,0,햄&루꼴라 올리브 샌드위치,https://image.istarbucks.co.kr/upload/store/skuimg/2021/11/[9300000001777]_20211103092722580.jpg,food,0
starbucks,0,트러플 머쉬룸 수프,https://image.istarbucks.co.kr/upload/store/skuimg/2021/04/[9900000000680]_20210426103936780.jpg,food,0
starbucks,0,현미 크림 수프,https://image.istarbucks.co.kr/upload/store/skuimg/2021/04/[9900000000084]_20210426103840686.jpg,food,0
starbucks,0,사과 가득 핸디 젤리,https://image.istarbucks.co.kr/upload/store/skuimg/2021/04/[9300000001911]_20210421164827564.jpg,food,0
starbucks,0,제주 자연 청 세트,https://image.istarbucks.co.kr/upload/store/skuimg/2021/04/[9300000001672]_20210421141921633.jpg,food,0
starbucks,0,하루 한 컵 RED,https://image.istarbucks.co.kr/upload/store/skuimg/2021/04/[5110009051]_20210422111651003.jpg,food,0
starbucks,0,한 입에 쏙 우리 과일칩(딸기&사과),https://image.istarbucks.co.kr/upload/store/skuimg/2021/04/[9300000002408]_20210422110358310.jpg,food,0
starbucks,0,한라봉 가득 핸디 젤리,https://image.istarbucks.co.kr/upload/store/skuimg/2021/04/[9300000001912]_20210422111311420.jpg,food,0
starbucks,0,New 밀크 푸딩,https://image.istarbucks.co.kr/upload/store/skuimg/2021/04/[9300000002619]_20210421161937187.jpg,food,0
starbucks,0,New 초콜릿 푸딩,https://image.istarbucks.co.kr/upload/store/skuimg/2021/04/[9300000002620]_20210422124125606.jpg,food,0
starbucks,0,오가닉 그릭 요거트 플레인,https://image.istarbucks.co.kr/upload/store/skuimg/2021/08/[9300000003231]_20210826102030647.jpg,food,0
starbucks,0,오가닉 프로틴 그릭 요거트 & 그래놀라,https://image.istarbucks.co.kr/upload/store/skuimg/2021/08/[9300000003232]_20210826102225363.jpg,food,0
starbucks,0,로고 코인 다크 초콜릿 (골드),https://image.istarbucks.co.kr/upload/store/skuimg/2021/04/[5650003321]_20210421154421752.jpg,food,0
starbucks,0,로고 코인 밀크 초콜릿 (실버),https://image.istarbucks.co.kr/upload/store/skuimg/2021/04/[5650003322]_20210421154642517.jpg,food,0
starbucks,0,로스티드 아몬드 앤 초콜릿,https://image.istarbucks.co.kr/upload/store/skuimg/2021/04/[5650003325]_20210421154837421.jpg,food,0
starbucks,0,리저브 초콜릿 세트,https://image.istarbucks.co.kr/upload/store/skuimg/2021/04/[9300000001610]_20210430112116995.jpg,food,0
starbucks,0,제주 오름 초콜릿 세트,https://image.istarbucks.co.kr/upload/store/skuimg/2021/04/[9300000001257]_20210421141438783.jpg,food,0
starbucks,0,다크 초콜릿 카우보이 쿠키,https://image.istarbucks.co.kr/upload/store/skuimg/2021/04/[5650003319]_20210421133114995.jpg,food,0
starbucks,0,오도독 건강한 넛&블루베리,https://image.istarbucks.co.kr/upload/store/skuimg/2021/04/[5650003312]_20210422101759264.jpg,food,0
starbucks,0,청크 초콜릿 쿠키 틴 세트,https://image.istarbucks.co.kr/upload/store/skuimg/2021/04/[9300000002618]_20210422112758545.jpg,food,0
starbucks,0,초콜릿 월넛 돔 쿠키,https://image.istarbucks.co.kr/upload/store/skuimg/2021/04/[9300000001785]_20210422124351504.jpg,food,0
starbucks,0,현무암 러스크,https://image.istarbucks.co.kr/upload/store/skuimg/2021/04/[9300000001199]_20210422105814925.jpg,food,0
starbucks,0,화이트 초콜릿 카우보이 쿠키,https://image.istarbucks.co.kr/upload/store/skuimg/2021/04/[5650003320]_20210422104923538.jpg,food,0
starbucks,0,다크 초콜릿 마카롱,https://image.istarbucks.co.kr/upload/store/skuimg/2021/04/[9300000001924]_20210421133005814.jpg,food,0
starbucks,0,바닐라 마카롱,https://image.istarbucks.co.kr/upload/store/skuimg/2021/04/[5110008078]_20210421132713182.jpg,food,0
starbucks,0,블루베리 마카롱,https://image.istarbucks.co.kr/upload/store/skuimg/2021/04/[5110008075]_20210421132809471.jpg,food,0
starbucks,0,스트로베리 마카롱,https://image.istarbucks.co.kr/upload/store/skuimg/2021/04/[9300000001318]_20210421172246712.jpg,food,0
starbucks,0,New 한 입에 쏙 고구마,https://image.istarbucks.co.kr/upload/store/skuimg/2021/04/[9300000002132]_20210422111115356.jpg,food,0
starbucks,0,더블 치즈 베이글 칩,https://image.istarbucks.co.kr/upload/store/skuimg/2021/04/[9300000002517]_20210421163620436.jpg,food,0
starbucks,0,라이스 칩(블루베리 잼),https://image.istarbucks.co.kr/upload/store/skuimg/2021/04/[9300000001894]_20210421144033682.jpg,food,0
starbucks,0,베어리스타 오가닉 젤리,https://image.istarbucks.co.kr/upload/store/skuimg/2021/04/[9300000002410]_20210421163342817.jpg,food,0
starbucks,0,스타벅스 찹쌀말랑,https://image.istarbucks.co.kr/upload/store/skuimg/2021/04/[9300000001391]_20210422112319432.jpg,food,0
starbucks,0,씨프렌즈 캔디,https://image.istarbucks.co.kr/upload/store/skuimg/2021/04/[9300000001058]_20210430112553143.jpg,food,0
starbucks,0,아몬드 토피넛 캔디,https://image.istarbucks.co.kr/upload/store/skuimg/2021/04/[9300000002621]_20210422100435715.jpg,food,0
starbucks,0,우리 흑米 카스텔라,https://image.istarbucks.co.kr/upload/store/skuimg/2021/04/[9300000002617]_20210422104819803.jpg,food,0
starbucks,0,우리米 카스텔라,https://image.istarbucks.co.kr/upload/store/skuimg/2021/04/[9300000002127]_20210422103800818.jpg,food,0
starbucks,0,유산균 옐로푸드 쉐이크,https://image.istarbucks.co.kr/upload/store/skuimg/2021/06/[9300000003249]_20210622110500147.jpg,food,0
starbucks,0,자일리톨 캔디 크리스탈 레몬,https://image.istarbucks.co.kr/upload/store/skuimg/2021/04/[9300000002556]_20210422111709262.jpg,food,0
starbucks,0,자일리톨 캔디 크리스탈 민트,https://image.istarbucks.co.kr/upload/store/skuimg/2020/07/[9300000002727]_20200724104844205.jpg,food,0
starbucks,0,카라멜 와플,https://image.istarbucks.co.kr/upload/store/skuimg/2021/04/[5650003327]_20210422123820286.jpg,food,0
starbucks,0,콜라겐 레드푸드 쉐이크,https://image.istarbucks.co.kr/upload/store/skuimg/2021/06/[9300000003250]_20210622110556034.jpg,food,0
starbucks,0,큐브 라이스 카스텔라,https://image.istarbucks.co.kr/upload/store/skuimg/2021/04/[9300000002726]_20210422123406658.jpg,food,0
starbucks,0,프로틴 블랙푸드 쉐이크 ,https://image.istarbucks.co.kr/upload/store/skuimg/2021/06/[9300000003251]_20210622110700186.jpg,food,0
starbucks,0,한입에 쏙 공주 알밤,https://image.istarbucks.co.kr/upload/store/skuimg/2021/04/[9300000002000]_20210422110821472.jpg,food,0
starbucks,0,유기농 아이스크림 바닐라,https://image.istarbucks.co.kr/upload/store/skuimg/2021/04/[5110009050]_20210422110047018.jpg,food,0
starbucks,0,유기농 아이스크림 초콜릿,https://image.istarbucks.co.kr/upload/store/skuimg/2021/04/[9300000000810]_20210422110152375.jpg,food,0
starbucks,0,자바 칩 유기농 아이스크림 바닐라,https://image.istarbucks.co.kr/upload/store/skuimg/2021/04/[9900000000034]_20210422110942222.jpg,food,0
starbucks,0,자바 칩 유기농 아이스크림 초콜릿,https://image.istarbucks.co.kr/upload/store/skuimg/2021/04/[9900000000171]_20210422111036256.jpg,food,0
starbucks,0,넛츠 바닐라 아포가토,https://image.istarbucks.co.kr/upload/store/skuimg/2021/04/[9900000000033]_20210421132510535.jpg,food,0
starbucks,0,넛츠 초콜릿 아포가토,https://image.istarbucks.co.kr/upload/store/skuimg/2021/04/[9900000000170]_20210421132558443.jpg,food,0
starbucks,0,바닐라 아포가토,https://image.istarbucks.co.kr/upload/store/skuimg/2021/04/[9900000000031]_20210421162214091.jpg,food,0
starbucks,0,자바 칩 바닐라 아포가토,https://image.istarbucks.co.kr/upload/store/skuimg/2021/04/[9900000000032]_20210422110612960.jpg,food,0
starbucks,0,자바 칩 초콜릿 아포가토,https://image.istarbucks.co.kr/upload/store/skuimg/2021/04/[9900000000169]_20210422111603517.jpg,food,0
starbucks,0,초콜릿 아포가토,https://image.istarbucks.co.kr/upload/store/skuimg/2021/04/[9900000000168]_20210422124537487.jpg,food,0
starbucks,0,스마일 쿠키 초콜릿,https://image.istarbucks.co.kr/upload/store/skuimg/2021/04/[9300000002182]_20210426104120442.jpg,food,0
starbucks,0,스마일 쿠키 라즈베리,https://image.istarbucks.co.kr/upload/store/skuimg/2021/04/[9300000002183]_20210426104233067.jpg,food,0
starbucks,0,우리나라 옥고감,https://image.istarbucks.co.kr/upload/store/skuimg/2015/07/[5110009042]_20150731190846277.jpg,food,0
